{"cameraMode":{"drawMode":0,"name":"Shaded","section":"Shading Mode"},"sceneLighting":false,"audioPlay":false,"sceneViewState":{"showFog":true,"showMaterialUpdate":false,"showSkybox":false,"showFlares":true,"showImageEffects":true,"showParticleSystems":true},"in2DMode":false,"pivot":{"x":6.013751983642578,"y":15.046592712402344,"z":32.74383544921875},"rotation":{"x":0.1270458847284317,"y":-0.381843626499176,"z":0.05307405814528465,"w":0.9139135479927063},"size":68.190185546875,"orthographic":false}